<?xml version="1.0" encoding="UTF-8"?>
<project-private xmlns="http://www.netbeans.org/ns/project-private/1">
    <editor-bookmarks xmlns="http://www.netbeans.org/ns/editor-bookmarks/2" lastBookmarkId="0"/>
    <open-files xmlns="http://www.netbeans.org/ns/projectui-open-files/2">
        <group>
            <file>file:/D:/Personal/Anika/Anika's%20Homework/Summer%202018/Term_project/src/term_project/Diu_Professor.java</file>
            <file>file:/D:/Personal/Anika/Anika's%20Homework/Summer%202018/Term_project/src/term_project/Diu_lecturer.java</file>
            <file>file:/D:/Personal/Anika/Anika's%20Homework/Summer%202018/Term_project/src/term_project/salary_encap.java</file>
            <file>file:/D:/Personal/Anika/Anika's%20Homework/Summer%202018/Term_project/src/term_project/userinterface.java</file>
            <file>file:/D:/Personal/Anika/Anika's%20Homework/Summer%202018/Term_project/src/term_project/Diu_asso_prof.java</file>
            <file>file:/D:/Personal/Anika/Anika's%20Homework/Summer%202018/Term_project/src/term_project/Diu_Assistant_prof.java</file>
            <file>file:/D:/Personal/Anika/Anika's%20Homework/Summer%202018/Term_project/src/term_project/Diu_staff.java</file>
            <file>file:/D:/Personal/Anika/Anika's%20Homework/Summer%202018/Term_project/src/term_project/Term_project.java</file>
            <file>file:/D:/Personal/Anika/Anika's%20Homework/Summer%202018/Term_project/src/term_project/Diu_dean.java</file>
            <file>file:/D:/Personal/Anika/Anika's%20Homework/Summer%202018/Term_project/src/term_project/Diu_Senior_lecturer.java</file>
            <file>file:/D:/Personal/Anika/Anika's%20Homework/Summer%202018/Term_project/src/term_project/Project_variables.java</file>
            <file>file:/D:/Personal/Anika/Anika's%20Homework/Summer%202018/Term_project/src/term_project/Users.java</file>
            <file>file:/D:/Personal/Anika/Anika's%20Homework/Summer%202018/Term_project/src/term_project/Diu_VC.java</file>
            <file>file:/D:/Personal/Anika/Anika's%20Homework/Summer%202018/Term_project/src/term_project/Diu_cashier.java</file>
        </group>
    </open-files>
</project-private>
